Id,Rule Name,Product,Severity,Status,Confidence,Category,Is Pro Rule,Semgrep Autotriage Result,Semgrep Autotriage Reason,Semgrep File Risk Tag,Repository Name,Repository Url,Line Of Code Url,Semgrep Platform Link,Created At,Last Opened At,Branch,Triaged At,Triage Comment,Triage Reason,Rule Description
884979008,javascript.lang.security.audit.detect-non-literal-regexp.detect-non-literal-regexp,Code,Medium,Open,Low,security,False,,,,chelebyy/arackiralama,https://github.com/chelebyy/arackiralama,https://github.com/chelebyy/arackiralama/blob/a465042204bbd2420198cfb71fe820774b224110/frontend/components/ui/custom/tiptap/extensions/search-and-replace.tsx#L56,https://semgrep.dev/orgs/muhammett_celebi_personal_org/findings/884979008,2026-07-11 19:44:40.732034,2026-07-11 19:44:40.699208,refs/heads/main,,,,"RegExp() called with a `searchString` function argument, this might allow an attacker to cause a Regular Expression Denial-of-Service (ReDoS) within your application as RegExP blocks the main thread. For this reason, it is recommended to use hardcoded regexes instead. If your regex is run on user-controlled input, consider performing input validation or use a regex checking/sanitization library such as https://www.npmjs.com/package/recheck to verify that the regex does not appear vulnerable to ReDoS."
884979007,javascript.lang.security.audit.prototype-pollution.prototype-pollution-loop.prototype-pollution-loop,Code,Medium,Open,Low,security,False,,,Tests,chelebyy/arackiralama,https://github.com/chelebyy/arackiralama,https://github.com/chelebyy/arackiralama/blob/a465042204bbd2420198cfb71fe820774b224110/frontend/vitest.setup.ts#L10,https://semgrep.dev/orgs/muhammett_celebi_personal_org/findings/884979007,2026-07-11 19:44:40.732005,2026-07-11 19:44:40.699199,refs/heads/main,,,,"Possibility of prototype polluting function detected. By adding or modifying attributes of an object prototype, it is possible to create attributes that exist on every object, or replace critical attributes with malicious ones. This can be problematic if the software depends on existence or non-existence of certain attributes, or uses pre-defined attributes of object prototype (such as hasOwnProperty, toString or valueOf). Possible mitigations might be: freezing the object prototype, using an object without prototypes (via Object.create(null) ), blocking modifications of attributes that resolve to object prototype, using Map instead of object."
884979006,javascript.express.open-redirect-deepsemgrep.open-redirect-deepsemgrep,Code,Medium,Open,High,security,True,,,User Authentication,chelebyy/arackiralama,https://github.com/chelebyy/arackiralama,https://github.com/chelebyy/arackiralama/blob/a465042204bbd2420198cfb71fe820774b224110/frontend/middleware.ts#L64,https://semgrep.dev/orgs/muhammett_celebi_personal_org/findings/884979006,2026-07-11 19:44:40.731977,2026-07-11 19:44:40.699190,refs/heads/main,,,,The application builds a URL using user-controlled input which can lead to an open redirect vulnerability. An attacker can manipulate the URL and redirect users to an arbitrary domain. Open redirect vulnerabilities can lead to issues such as Cross-site scripting (XSS) or redirecting to a malicious domain for activities such as phishing to capture users' credentials. To prevent this vulnerability perform strict input validation of the domain against an allowlist of approved domains. Notify a user in your application that they are leaving the website. Display a domain where they are redirected to the user. A user can then either accept or deny the redirect to an untrusted site.
884979005,javascript.express.open-redirect-deepsemgrep.open-redirect-deepsemgrep,Code,Medium,Open,High,security,True,,,User Authentication,chelebyy/arackiralama,https://github.com/chelebyy/arackiralama,https://github.com/chelebyy/arackiralama/blob/a465042204bbd2420198cfb71fe820774b224110/frontend/middleware.ts#L174,https://semgrep.dev/orgs/muhammett_celebi_personal_org/findings/884979005,2026-07-11 19:44:40.731949,2026-07-11 19:44:40.699181,refs/heads/main,,,,The application builds a URL using user-controlled input which can lead to an open redirect vulnerability. An attacker can manipulate the URL and redirect users to an arbitrary domain. Open redirect vulnerabilities can lead to issues such as Cross-site scripting (XSS) or redirecting to a malicious domain for activities such as phishing to capture users' credentials. To prevent this vulnerability perform strict input validation of the domain against an allowlist of approved domains. Notify a user in your application that they are leaving the website. Display a domain where they are redirected to the user. A user can then either accept or deny the redirect to an untrusted site.
884979004,javascript.express.open-redirect-deepsemgrep.open-redirect-deepsemgrep,Code,Medium,Open,High,security,True,,,User Authentication,chelebyy/arackiralama,https://github.com/chelebyy/arackiralama,https://github.com/chelebyy/arackiralama/blob/a465042204bbd2420198cfb71fe820774b224110/frontend/middleware.ts#L184,https://semgrep.dev/orgs/muhammett_celebi_personal_org/findings/884979004,2026-07-11 19:44:40.731921,2026-07-11 19:44:40.699173,refs/heads/main,,,,The application builds a URL using user-controlled input which can lead to an open redirect vulnerability. An attacker can manipulate the URL and redirect users to an arbitrary domain. Open redirect vulnerabilities can lead to issues such as Cross-site scripting (XSS) or redirecting to a malicious domain for activities such as phishing to capture users' credentials. To prevent this vulnerability perform strict input validation of the domain against an allowlist of approved domains. Notify a user in your application that they are leaving the website. Display a domain where they are redirected to the user. A user can then either accept or deny the redirect to an untrusted site.
884979003,javascript.express.open-redirect-deepsemgrep.open-redirect-deepsemgrep,Code,Medium,Open,High,security,True,,,User Authentication,chelebyy/arackiralama,https://github.com/chelebyy/arackiralama,https://github.com/chelebyy/arackiralama/blob/a465042204bbd2420198cfb71fe820774b224110/frontend/middleware.ts#L189,https://semgrep.dev/orgs/muhammett_celebi_personal_org/findings/884979003,2026-07-11 19:44:40.731893,2026-07-11 19:44:40.699164,refs/heads/main,,,,The application builds a URL using user-controlled input which can lead to an open redirect vulnerability. An attacker can manipulate the URL and redirect users to an arbitrary domain. Open redirect vulnerabilities can lead to issues such as Cross-site scripting (XSS) or redirecting to a malicious domain for activities such as phishing to capture users' credentials. To prevent this vulnerability perform strict input validation of the domain against an allowlist of approved domains. Notify a user in your application that they are leaving the website. Display a domain where they are redirected to the user. A user can then either accept or deny the redirect to an untrusted site.
884979002,javascript.express.open-redirect-deepsemgrep.open-redirect-deepsemgrep,Code,Medium,Open,High,security,True,,,User Authentication,chelebyy/arackiralama,https://github.com/chelebyy/arackiralama,https://github.com/chelebyy/arackiralama/blob/a465042204bbd2420198cfb71fe820774b224110/frontend/middleware.ts#L193,https://semgrep.dev/orgs/muhammett_celebi_personal_org/findings/884979002,2026-07-11 19:44:40.731864,2026-07-11 19:44:40.699155,refs/heads/main,,,,The application builds a URL using user-controlled input which can lead to an open redirect vulnerability. An attacker can manipulate the URL and redirect users to an arbitrary domain. Open redirect vulnerabilities can lead to issues such as Cross-site scripting (XSS) or redirecting to a malicious domain for activities such as phishing to capture users' credentials. To prevent this vulnerability perform strict input validation of the domain against an allowlist of approved domains. Notify a user in your application that they are leaving the website. Display a domain where they are redirected to the user. A user can then either accept or deny the redirect to an untrusted site.
884979001,yaml.github-actions.security.github-actions-mutable-action-tag.github-actions-mutable-action-tag,Code,Medium,Open,High,security,False,,,Build Process,chelebyy/arackiralama,https://github.com/chelebyy/arackiralama,https://github.com/chelebyy/arackiralama/blob/a465042204bbd2420198cfb71fe820774b224110/.github/workflows/ci.yml#L24,https://semgrep.dev/orgs/muhammett_celebi_personal_org/findings/884979001,2026-07-11 19:44:40.731836,2026-07-11 19:44:40.699147,refs/heads/main,,,,"GitHub Actions step uses a mutable tag or branch reference. Tags and branch names can be silently repointed by the action owner, enabling supply-chain attacks — as seen in the trivy-action and kics-github-action compromises. Pin the reference to a full 40-character commit SHA instead, e.g. `uses: actions/checkout@8ade135a41bc03ea155e62e844d188df1ea18608`."
884979000,yaml.github-actions.security.github-actions-mutable-action-tag.github-actions-mutable-action-tag,Code,Medium,Open,High,security,False,,,Build Process,chelebyy/arackiralama,https://github.com/chelebyy/arackiralama,https://github.com/chelebyy/arackiralama/blob/a465042204bbd2420198cfb71fe820774b224110/.github/workflows/ci.yml#L27,https://semgrep.dev/orgs/muhammett_celebi_personal_org/findings/884979000,2026-07-11 19:44:40.731809,2026-07-11 19:44:40.699138,refs/heads/main,,,,"GitHub Actions step uses a mutable tag or branch reference. Tags and branch names can be silently repointed by the action owner, enabling supply-chain attacks — as seen in the trivy-action and kics-github-action compromises. Pin the reference to a full 40-character commit SHA instead, e.g. `uses: actions/checkout@8ade135a41bc03ea155e62e844d188df1ea18608`."
884978999,yaml.github-actions.security.github-actions-mutable-action-tag.github-actions-mutable-action-tag,Code,Medium,Open,High,security,False,,,Build Process,chelebyy/arackiralama,https://github.com/chelebyy/arackiralama,https://github.com/chelebyy/arackiralama/blob/a465042204bbd2420198cfb71fe820774b224110/.github/workflows/ci.yml#L56,https://semgrep.dev/orgs/muhammett_celebi_personal_org/findings/884978999,2026-07-11 19:44:40.731781,2026-07-11 19:44:40.699130,refs/heads/main,,,,"GitHub Actions step uses a mutable tag or branch reference. Tags and branch names can be silently repointed by the action owner, enabling supply-chain attacks — as seen in the trivy-action and kics-github-action compromises. Pin the reference to a full 40-character commit SHA instead, e.g. `uses: actions/checkout@8ade135a41bc03ea155e62e844d188df1ea18608`."
884978998,yaml.github-actions.security.github-actions-mutable-action-tag.github-actions-mutable-action-tag,Code,Medium,Open,High,security,False,,,Build Process,chelebyy/arackiralama,https://github.com/chelebyy/arackiralama,https://github.com/chelebyy/arackiralama/blob/a465042204bbd2420198cfb71fe820774b224110/.github/workflows/ci.yml#L102,https://semgrep.dev/orgs/muhammett_celebi_personal_org/findings/884978998,2026-07-11 19:44:40.731752,2026-07-11 19:44:40.699120,refs/heads/main,,,,"GitHub Actions step uses a mutable tag or branch reference. Tags and branch names can be silently repointed by the action owner, enabling supply-chain attacks — as seen in the trivy-action and kics-github-action compromises. Pin the reference to a full 40-character commit SHA instead, e.g. `uses: actions/checkout@8ade135a41bc03ea155e62e844d188df1ea18608`."
884978997,yaml.github-actions.security.github-actions-mutable-action-tag.github-actions-mutable-action-tag,Code,Medium,Open,High,security,False,,,Build Process,chelebyy/arackiralama,https://github.com/chelebyy/arackiralama,https://github.com/chelebyy/arackiralama/blob/a465042204bbd2420198cfb71fe820774b224110/.github/workflows/ci.yml#L105,https://semgrep.dev/orgs/muhammett_celebi_personal_org/findings/884978997,2026-07-11 19:44:40.731724,2026-07-11 19:44:40.699112,refs/heads/main,,,,"GitHub Actions step uses a mutable tag or branch reference. Tags and branch names can be silently repointed by the action owner, enabling supply-chain attacks — as seen in the trivy-action and kics-github-action compromises. Pin the reference to a full 40-character commit SHA instead, e.g. `uses: actions/checkout@8ade135a41bc03ea155e62e844d188df1ea18608`."
884978996,yaml.github-actions.security.github-actions-mutable-action-tag.github-actions-mutable-action-tag,Code,Medium,Open,High,security,False,,,Build Process,chelebyy/arackiralama,https://github.com/chelebyy/arackiralama,https://github.com/chelebyy/arackiralama/blob/a465042204bbd2420198cfb71fe820774b224110/.github/workflows/ci.yml#L132,https://semgrep.dev/orgs/muhammett_celebi_personal_org/findings/884978996,2026-07-11 19:44:40.731696,2026-07-11 19:44:40.699103,refs/heads/main,,,,"GitHub Actions step uses a mutable tag or branch reference. Tags and branch names can be silently repointed by the action owner, enabling supply-chain attacks — as seen in the trivy-action and kics-github-action compromises. Pin the reference to a full 40-character commit SHA instead, e.g. `uses: actions/checkout@8ade135a41bc03ea155e62e844d188df1ea18608`."
884978995,yaml.github-actions.security.github-actions-mutable-action-tag.github-actions-mutable-action-tag,Code,Medium,Open,High,security,False,,,Build Process,chelebyy/arackiralama,https://github.com/chelebyy/arackiralama,https://github.com/chelebyy/arackiralama/blob/a465042204bbd2420198cfb71fe820774b224110/.github/workflows/ci.yml#L135,https://semgrep.dev/orgs/muhammett_celebi_personal_org/findings/884978995,2026-07-11 19:44:40.731668,2026-07-11 19:44:40.699093,refs/heads/main,,,,"GitHub Actions step uses a mutable tag or branch reference. Tags and branch names can be silently repointed by the action owner, enabling supply-chain attacks — as seen in the trivy-action and kics-github-action compromises. Pin the reference to a full 40-character commit SHA instead, e.g. `uses: actions/checkout@8ade135a41bc03ea155e62e844d188df1ea18608`."
884978994,yaml.github-actions.security.github-actions-mutable-action-tag.github-actions-mutable-action-tag,Code,Medium,Open,High,security,False,,,Build Process,chelebyy/arackiralama,https://github.com/chelebyy/arackiralama,https://github.com/chelebyy/arackiralama/blob/a465042204bbd2420198cfb71fe820774b224110/.github/workflows/ci.yml#L140,https://semgrep.dev/orgs/muhammett_celebi_personal_org/findings/884978994,2026-07-11 19:44:40.731640,2026-07-11 19:44:40.699085,refs/heads/main,,,,"GitHub Actions step uses a mutable tag or branch reference. Tags and branch names can be silently repointed by the action owner, enabling supply-chain attacks — as seen in the trivy-action and kics-github-action compromises. Pin the reference to a full 40-character commit SHA instead, e.g. `uses: actions/checkout@8ade135a41bc03ea155e62e844d188df1ea18608`."
884978993,yaml.github-actions.security.github-actions-mutable-action-tag.github-actions-mutable-action-tag,Code,Medium,Open,High,security,False,,,Build Process,chelebyy/arackiralama,https://github.com/chelebyy/arackiralama,https://github.com/chelebyy/arackiralama/blob/a465042204bbd2420198cfb71fe820774b224110/.github/workflows/ci.yml#L159,https://semgrep.dev/orgs/muhammett_celebi_personal_org/findings/884978993,2026-07-11 19:44:40.731612,2026-07-11 19:44:40.699076,refs/heads/main,,,,"GitHub Actions step uses a mutable tag or branch reference. Tags and branch names can be silently repointed by the action owner, enabling supply-chain attacks — as seen in the trivy-action and kics-github-action compromises. Pin the reference to a full 40-character commit SHA instead, e.g. `uses: actions/checkout@8ade135a41bc03ea155e62e844d188df1ea18608`."
884978992,yaml.github-actions.security.github-actions-mutable-action-tag.github-actions-mutable-action-tag,Code,Medium,Open,High,security,False,,,Build Process,chelebyy/arackiralama,https://github.com/chelebyy/arackiralama,https://github.com/chelebyy/arackiralama/blob/a465042204bbd2420198cfb71fe820774b224110/.github/workflows/ci.yml#L174,https://semgrep.dev/orgs/muhammett_celebi_personal_org/findings/884978992,2026-07-11 19:44:40.731584,2026-07-11 19:44:40.699068,refs/heads/main,,,,"GitHub Actions step uses a mutable tag or branch reference. Tags and branch names can be silently repointed by the action owner, enabling supply-chain attacks — as seen in the trivy-action and kics-github-action compromises. Pin the reference to a full 40-character commit SHA instead, e.g. `uses: actions/checkout@8ade135a41bc03ea155e62e844d188df1ea18608`."
884978991,yaml.github-actions.security.github-actions-mutable-action-tag.github-actions-mutable-action-tag,Code,Medium,Open,High,security,False,,,Build Process,chelebyy/arackiralama,https://github.com/chelebyy/arackiralama,https://github.com/chelebyy/arackiralama/blob/a465042204bbd2420198cfb71fe820774b224110/.github/workflows/ci.yml#L177,https://semgrep.dev/orgs/muhammett_celebi_personal_org/findings/884978991,2026-07-11 19:44:40.731556,2026-07-11 19:44:40.699059,refs/heads/main,,,,"GitHub Actions step uses a mutable tag or branch reference. Tags and branch names can be silently repointed by the action owner, enabling supply-chain attacks — as seen in the trivy-action and kics-github-action compromises. Pin the reference to a full 40-character commit SHA instead, e.g. `uses: actions/checkout@8ade135a41bc03ea155e62e844d188df1ea18608`."
884978990,yaml.github-actions.security.github-actions-mutable-action-tag.github-actions-mutable-action-tag,Code,Medium,Open,High,security,False,,,Build Process,chelebyy/arackiralama,https://github.com/chelebyy/arackiralama,https://github.com/chelebyy/arackiralama/blob/a465042204bbd2420198cfb71fe820774b224110/.github/workflows/ci.yml#L180,https://semgrep.dev/orgs/muhammett_celebi_personal_org/findings/884978990,2026-07-11 19:44:40.731528,2026-07-11 19:44:40.699050,refs/heads/main,,,,"GitHub Actions step uses a mutable tag or branch reference. Tags and branch names can be silently repointed by the action owner, enabling supply-chain attacks — as seen in the trivy-action and kics-github-action compromises. Pin the reference to a full 40-character commit SHA instead, e.g. `uses: actions/checkout@8ade135a41bc03ea155e62e844d188df1ea18608`."
884978989,yaml.github-actions.security.github-actions-mutable-action-tag.github-actions-mutable-action-tag,Code,Medium,Open,High,security,False,,,Build Process,chelebyy/arackiralama,https://github.com/chelebyy/arackiralama,https://github.com/chelebyy/arackiralama/blob/a465042204bbd2420198cfb71fe820774b224110/.github/workflows/ci.yml#L188,https://semgrep.dev/orgs/muhammett_celebi_personal_org/findings/884978989,2026-07-11 19:44:40.731500,2026-07-11 19:44:40.699042,refs/heads/main,,,,"GitHub Actions step uses a mutable tag or branch reference. Tags and branch names can be silently repointed by the action owner, enabling supply-chain attacks — as seen in the trivy-action and kics-github-action compromises. Pin the reference to a full 40-character commit SHA instead, e.g. `uses: actions/checkout@8ade135a41bc03ea155e62e844d188df1ea18608`."
884978988,yaml.github-actions.security.github-actions-mutable-action-tag.github-actions-mutable-action-tag,Code,Medium,Open,High,security,False,,,Build Process,chelebyy/arackiralama,https://github.com/chelebyy/arackiralama,https://github.com/chelebyy/arackiralama/blob/a465042204bbd2420198cfb71fe820774b224110/.github/workflows/ci.yml#L207,https://semgrep.dev/orgs/muhammett_celebi_personal_org/findings/884978988,2026-07-11 19:44:40.731471,2026-07-11 19:44:40.699034,refs/heads/main,,,,"GitHub Actions step uses a mutable tag or branch reference. Tags and branch names can be silently repointed by the action owner, enabling supply-chain attacks — as seen in the trivy-action and kics-github-action compromises. Pin the reference to a full 40-character commit SHA instead, e.g. `uses: actions/checkout@8ade135a41bc03ea155e62e844d188df1ea18608`."
884978987,yaml.github-actions.security.github-actions-mutable-action-tag.github-actions-mutable-action-tag,Code,Medium,Open,High,security,False,,,Build Process,chelebyy/arackiralama,https://github.com/chelebyy/arackiralama,https://github.com/chelebyy/arackiralama/blob/a465042204bbd2420198cfb71fe820774b224110/.github/workflows/ci.yml#L210,https://semgrep.dev/orgs/muhammett_celebi_personal_org/findings/884978987,2026-07-11 19:44:40.731443,2026-07-11 19:44:40.699025,refs/heads/main,,,,"GitHub Actions step uses a mutable tag or branch reference. Tags and branch names can be silently repointed by the action owner, enabling supply-chain attacks — as seen in the trivy-action and kics-github-action compromises. Pin the reference to a full 40-character commit SHA instead, e.g. `uses: actions/checkout@8ade135a41bc03ea155e62e844d188df1ea18608`."
884978986,yaml.github-actions.security.github-actions-mutable-action-tag.github-actions-mutable-action-tag,Code,Medium,Open,High,security,False,,,Build Process,chelebyy/arackiralama,https://github.com/chelebyy/arackiralama,https://github.com/chelebyy/arackiralama/blob/a465042204bbd2420198cfb71fe820774b224110/.github/workflows/ci.yml#L221,https://semgrep.dev/orgs/muhammett_celebi_personal_org/findings/884978986,2026-07-11 19:44:40.731415,2026-07-11 19:44:40.699017,refs/heads/main,,,,"GitHub Actions step uses a mutable tag or branch reference. Tags and branch names can be silently repointed by the action owner, enabling supply-chain attacks — as seen in the trivy-action and kics-github-action compromises. Pin the reference to a full 40-character commit SHA instead, e.g. `uses: actions/checkout@8ade135a41bc03ea155e62e844d188df1ea18608`."
884978985,yaml.github-actions.security.github-actions-mutable-action-tag.github-actions-mutable-action-tag,Code,Medium,Open,High,security,False,,,Build Process,chelebyy/arackiralama,https://github.com/chelebyy/arackiralama,https://github.com/chelebyy/arackiralama/blob/a465042204bbd2420198cfb71fe820774b224110/.github/workflows/ci.yml#L228,https://semgrep.dev/orgs/muhammett_celebi_personal_org/findings/884978985,2026-07-11 19:44:40.731387,2026-07-11 19:44:40.699008,refs/heads/main,,,,"GitHub Actions step uses a mutable tag or branch reference. Tags and branch names can be silently repointed by the action owner, enabling supply-chain attacks — as seen in the trivy-action and kics-github-action compromises. Pin the reference to a full 40-character commit SHA instead, e.g. `uses: actions/checkout@8ade135a41bc03ea155e62e844d188df1ea18608`."
884978984,yaml.github-actions.security.github-actions-mutable-action-tag.github-actions-mutable-action-tag,Code,Medium,Open,High,security,False,,,Build Process,chelebyy/arackiralama,https://github.com/chelebyy/arackiralama,https://github.com/chelebyy/arackiralama/blob/a465042204bbd2420198cfb71fe820774b224110/.github/workflows/ci.yml#L238,https://semgrep.dev/orgs/muhammett_celebi_personal_org/findings/884978984,2026-07-11 19:44:40.731358,2026-07-11 19:44:40.698999,refs/heads/main,,,,"GitHub Actions step uses a mutable tag or branch reference. Tags and branch names can be silently repointed by the action owner, enabling supply-chain attacks — as seen in the trivy-action and kics-github-action compromises. Pin the reference to a full 40-character commit SHA instead, e.g. `uses: actions/checkout@8ade135a41bc03ea155e62e844d188df1ea18608`."
884978983,yaml.github-actions.security.github-actions-mutable-action-tag.github-actions-mutable-action-tag,Code,Medium,Open,High,security,False,,,Build Process,chelebyy/arackiralama,https://github.com/chelebyy/arackiralama,https://github.com/chelebyy/arackiralama/blob/a465042204bbd2420198cfb71fe820774b224110/.github/workflows/codeql.yml#L33,https://semgrep.dev/orgs/muhammett_celebi_personal_org/findings/884978983,2026-07-11 19:44:40.731330,2026-07-11 19:44:40.698990,refs/heads/main,,,,"GitHub Actions step uses a mutable tag or branch reference. Tags and branch names can be silently repointed by the action owner, enabling supply-chain attacks — as seen in the trivy-action and kics-github-action compromises. Pin the reference to a full 40-character commit SHA instead, e.g. `uses: actions/checkout@8ade135a41bc03ea155e62e844d188df1ea18608`."
884978982,yaml.github-actions.security.github-actions-mutable-action-tag.github-actions-mutable-action-tag,Code,Medium,Open,High,security,False,,,Build Process,chelebyy/arackiralama,https://github.com/chelebyy/arackiralama,https://github.com/chelebyy/arackiralama/blob/a465042204bbd2420198cfb71fe820774b224110/.github/workflows/codeql.yml#L36,https://semgrep.dev/orgs/muhammett_celebi_personal_org/findings/884978982,2026-07-11 19:44:40.731302,2026-07-11 19:44:40.698981,refs/heads/main,,,,"GitHub Actions step uses a mutable tag or branch reference. Tags and branch names can be silently repointed by the action owner, enabling supply-chain attacks — as seen in the trivy-action and kics-github-action compromises. Pin the reference to a full 40-character commit SHA instead, e.g. `uses: actions/checkout@8ade135a41bc03ea155e62e844d188df1ea18608`."
884978981,yaml.github-actions.security.github-actions-mutable-action-tag.github-actions-mutable-action-tag,Code,Medium,Open,High,security,False,,,Build Process,chelebyy/arackiralama,https://github.com/chelebyy/arackiralama,https://github.com/chelebyy/arackiralama/blob/a465042204bbd2420198cfb71fe820774b224110/.github/workflows/codeql.yml#L42,https://semgrep.dev/orgs/muhammett_celebi_personal_org/findings/884978981,2026-07-11 19:44:40.731273,2026-07-11 19:44:40.698972,refs/heads/main,,,,"GitHub Actions step uses a mutable tag or branch reference. Tags and branch names can be silently repointed by the action owner, enabling supply-chain attacks — as seen in the trivy-action and kics-github-action compromises. Pin the reference to a full 40-character commit SHA instead, e.g. `uses: actions/checkout@8ade135a41bc03ea155e62e844d188df1ea18608`."
884978980,yaml.github-actions.security.github-actions-mutable-action-tag.github-actions-mutable-action-tag,Code,Medium,Open,High,security,False,,,Build Process,chelebyy/arackiralama,https://github.com/chelebyy/arackiralama,https://github.com/chelebyy/arackiralama/blob/a465042204bbd2420198cfb71fe820774b224110/.github/workflows/dependabot-auto-merge.yml#L27,https://semgrep.dev/orgs/muhammett_celebi_personal_org/findings/884978980,2026-07-11 19:44:40.731245,2026-07-11 19:44:40.698962,refs/heads/main,,,,"GitHub Actions step uses a mutable tag or branch reference. Tags and branch names can be silently repointed by the action owner, enabling supply-chain attacks — as seen in the trivy-action and kics-github-action compromises. Pin the reference to a full 40-character commit SHA instead, e.g. `uses: actions/checkout@8ade135a41bc03ea155e62e844d188df1ea18608`."
884978979,yaml.github-actions.security.github-actions-mutable-action-tag.github-actions-mutable-action-tag,Code,Medium,Open,High,security,False,,,Tests,chelebyy/arackiralama,https://github.com/chelebyy/arackiralama,https://github.com/chelebyy/arackiralama/blob/a465042204bbd2420198cfb71fe820774b224110/.github/workflows/e2e.yml#L32,https://semgrep.dev/orgs/muhammett_celebi_personal_org/findings/884978979,2026-07-11 19:44:40.731217,2026-07-11 19:44:40.698953,refs/heads/main,,,,"GitHub Actions step uses a mutable tag or branch reference. Tags and branch names can be silently repointed by the action owner, enabling supply-chain attacks — as seen in the trivy-action and kics-github-action compromises. Pin the reference to a full 40-character commit SHA instead, e.g. `uses: actions/checkout@8ade135a41bc03ea155e62e844d188df1ea18608`."
884978978,yaml.github-actions.security.github-actions-mutable-action-tag.github-actions-mutable-action-tag,Code,Medium,Open,High,security,False,,,Tests,chelebyy/arackiralama,https://github.com/chelebyy/arackiralama,https://github.com/chelebyy/arackiralama/blob/a465042204bbd2420198cfb71fe820774b224110/.github/workflows/e2e.yml#L56,https://semgrep.dev/orgs/muhammett_celebi_personal_org/findings/884978978,2026-07-11 19:44:40.731188,2026-07-11 19:44:40.698945,refs/heads/main,,,,"GitHub Actions step uses a mutable tag or branch reference. Tags and branch names can be silently repointed by the action owner, enabling supply-chain attacks — as seen in the trivy-action and kics-github-action compromises. Pin the reference to a full 40-character commit SHA instead, e.g. `uses: actions/checkout@8ade135a41bc03ea155e62e844d188df1ea18608`."
884978977,yaml.github-actions.security.github-actions-mutable-action-tag.github-actions-mutable-action-tag,Code,Medium,Open,High,security,False,,,Tests,chelebyy/arackiralama,https://github.com/chelebyy/arackiralama,https://github.com/chelebyy/arackiralama/blob/a465042204bbd2420198cfb71fe820774b224110/.github/workflows/e2e.yml#L61,https://semgrep.dev/orgs/muhammett_celebi_personal_org/findings/884978977,2026-07-11 19:44:40.731160,2026-07-11 19:44:40.698936,refs/heads/main,,,,"GitHub Actions step uses a mutable tag or branch reference. Tags and branch names can be silently repointed by the action owner, enabling supply-chain attacks — as seen in the trivy-action and kics-github-action compromises. Pin the reference to a full 40-character commit SHA instead, e.g. `uses: actions/checkout@8ade135a41bc03ea155e62e844d188df1ea18608`."
884978976,yaml.github-actions.security.github-actions-mutable-action-tag.github-actions-mutable-action-tag,Code,Medium,Open,High,security,False,,,Tests,chelebyy/arackiralama,https://github.com/chelebyy/arackiralama,https://github.com/chelebyy/arackiralama/blob/a465042204bbd2420198cfb71fe820774b224110/.github/workflows/e2e.yml#L118,https://semgrep.dev/orgs/muhammett_celebi_personal_org/findings/884978976,2026-07-11 19:44:40.731131,2026-07-11 19:44:40.698927,refs/heads/main,,,,"GitHub Actions step uses a mutable tag or branch reference. Tags and branch names can be silently repointed by the action owner, enabling supply-chain attacks — as seen in the trivy-action and kics-github-action compromises. Pin the reference to a full 40-character commit SHA instead, e.g. `uses: actions/checkout@8ade135a41bc03ea155e62e844d188df1ea18608`."
884978975,yaml.github-actions.security.github-actions-mutable-action-tag.github-actions-mutable-action-tag,Code,Medium,Open,High,security,False,,,Tests,chelebyy/arackiralama,https://github.com/chelebyy/arackiralama,https://github.com/chelebyy/arackiralama/blob/a465042204bbd2420198cfb71fe820774b224110/.github/workflows/e2e.yml#L128,https://semgrep.dev/orgs/muhammett_celebi_personal_org/findings/884978975,2026-07-11 19:44:40.731103,2026-07-11 19:44:40.698918,refs/heads/main,,,,"GitHub Actions step uses a mutable tag or branch reference. Tags and branch names can be silently repointed by the action owner, enabling supply-chain attacks — as seen in the trivy-action and kics-github-action compromises. Pin the reference to a full 40-character commit SHA instead, e.g. `uses: actions/checkout@8ade135a41bc03ea155e62e844d188df1ea18608`."
884978974,yaml.github-actions.security.github-actions-mutable-action-tag.github-actions-mutable-action-tag,Code,Medium,Open,High,security,False,,,Build Process,chelebyy/arackiralama,https://github.com/chelebyy/arackiralama,https://github.com/chelebyy/arackiralama/blob/a465042204bbd2420198cfb71fe820774b224110/.github/workflows/react-doctor.yml#L23,https://semgrep.dev/orgs/muhammett_celebi_personal_org/findings/884978974,2026-07-11 19:44:40.731075,2026-07-11 19:44:40.698908,refs/heads/main,,,,"GitHub Actions step uses a mutable tag or branch reference. Tags and branch names can be silently repointed by the action owner, enabling supply-chain attacks — as seen in the trivy-action and kics-github-action compromises. Pin the reference to a full 40-character commit SHA instead, e.g. `uses: actions/checkout@8ade135a41bc03ea155e62e844d188df1ea18608`."
884978973,yaml.github-actions.security.github-actions-mutable-action-tag.github-actions-mutable-action-tag,Code,Medium,Open,High,security,False,,,Build Process,chelebyy/arackiralama,https://github.com/chelebyy/arackiralama,https://github.com/chelebyy/arackiralama/blob/a465042204bbd2420198cfb71fe820774b224110/.github/workflows/react-doctor.yml#L26,https://semgrep.dev/orgs/muhammett_celebi_personal_org/findings/884978973,2026-07-11 19:44:40.731046,2026-07-11 19:44:40.698899,refs/heads/main,,,,"GitHub Actions step uses a mutable tag or branch reference. Tags and branch names can be silently repointed by the action owner, enabling supply-chain attacks — as seen in the trivy-action and kics-github-action compromises. Pin the reference to a full 40-character commit SHA instead, e.g. `uses: actions/checkout@8ade135a41bc03ea155e62e844d188df1ea18608`."
884978972,package_managers.dependabot.dependabot-missing-cooldown.dependabot-missing-cooldown,Code,Medium,Open,High,security,False,,,Build Process,chelebyy/arackiralama,https://github.com/chelebyy/arackiralama,https://github.com/chelebyy/arackiralama/blob/a465042204bbd2420198cfb71fe820774b224110/.github/dependabot.yml#L3,https://semgrep.dev/orgs/muhammett_celebi_personal_org/findings/884978972,2026-07-11 19:44:40.731018,2026-07-11 19:44:40.698889,refs/heads/main,,,,This Dependabot configuration does not set a cooldown period. Newly published packages can be malicious or unstable. Add a `cooldown` block with `default-days: 7` to each `package-ecosystem` entry under `updates` to wait 7 days before proposing updates to newly published package versions. Reference: https://docs.github.com/en/code-security/dependabot/dependabot-version-updates/configuration-options-for-the-dependabot.yml-file#cooldown
884978971,package_managers.dependabot.dependabot-missing-cooldown.dependabot-missing-cooldown,Code,Medium,Open,High,security,False,,,Build Process,chelebyy/arackiralama,https://github.com/chelebyy/arackiralama,https://github.com/chelebyy/arackiralama/blob/a465042204bbd2420198cfb71fe820774b224110/.github/dependabot.yml#L32,https://semgrep.dev/orgs/muhammett_celebi_personal_org/findings/884978971,2026-07-11 19:44:40.730989,2026-07-11 19:44:40.698879,refs/heads/main,,,,This Dependabot configuration does not set a cooldown period. Newly published packages can be malicious or unstable. Add a `cooldown` block with `default-days: 7` to each `package-ecosystem` entry under `updates` to wait 7 days before proposing updates to newly published package versions. Reference: https://docs.github.com/en/code-security/dependabot/dependabot-version-updates/configuration-options-for-the-dependabot.yml-file#cooldown
884978970,package_managers.dependabot.dependabot-missing-cooldown.dependabot-missing-cooldown,Code,Medium,Open,High,security,False,,,Build Process,chelebyy/arackiralama,https://github.com/chelebyy/arackiralama,https://github.com/chelebyy/arackiralama/blob/a465042204bbd2420198cfb71fe820774b224110/.github/dependabot.yml#L55,https://semgrep.dev/orgs/muhammett_celebi_personal_org/findings/884978970,2026-07-11 19:44:40.730960,2026-07-11 19:44:40.698870,refs/heads/main,,,,This Dependabot configuration does not set a cooldown period. Newly published packages can be malicious or unstable. Add a `cooldown` block with `default-days: 7` to each `package-ecosystem` entry under `updates` to wait 7 days before proposing updates to newly published package versions. Reference: https://docs.github.com/en/code-security/dependabot/dependabot-version-updates/configuration-options-for-the-dependabot.yml-file#cooldown
884978969,package_managers.dependabot.dependabot-missing-cooldown.dependabot-missing-cooldown,Code,Medium,Open,High,security,False,,,Build Process,chelebyy/arackiralama,https://github.com/chelebyy/arackiralama,https://github.com/chelebyy/arackiralama/blob/a465042204bbd2420198cfb71fe820774b224110/.github/dependabot.yml#L69,https://semgrep.dev/orgs/muhammett_celebi_personal_org/findings/884978969,2026-07-11 19:44:40.730931,2026-07-11 19:44:40.698859,refs/heads/main,,,,This Dependabot configuration does not set a cooldown period. Newly published packages can be malicious or unstable. Add a `cooldown` block with `default-days: 7` to each `package-ecosystem` entry under `updates` to wait 7 days before proposing updates to newly published package versions. Reference: https://docs.github.com/en/code-security/dependabot/dependabot-version-updates/configuration-options-for-the-dependabot.yml-file#cooldown
884978968,package_managers.dependabot.dependabot-missing-cooldown.dependabot-missing-cooldown,Code,Medium,Open,High,security,False,,,Build Process,chelebyy/arackiralama,https://github.com/chelebyy/arackiralama,https://github.com/chelebyy/arackiralama/blob/a465042204bbd2420198cfb71fe820774b224110/.github/dependabot.yml#L83,https://semgrep.dev/orgs/muhammett_celebi_personal_org/findings/884978968,2026-07-11 19:44:40.730837,2026-07-11 19:44:40.698832,refs/heads/main,,,,This Dependabot configuration does not set a cooldown period. Newly published packages can be malicious or unstable. Add a `cooldown` block with `default-days: 7` to each `package-ecosystem` entry under `updates` to wait 7 days before proposing updates to newly published package versions. Reference: https://docs.github.com/en/code-security/dependabot/dependabot-version-updates/configuration-options-for-the-dependabot.yml-file#cooldown
